
{
    "region" : "us-east-2",
    "profile" : "default",
    "configuration" : "Release",
    "image-tag"     : "testcors2:latest",
    "docker-build-working-dir" : "",
    "cluster"                  : "testcors",
    "launch-type"              : "FARGATE",
    "launch-subnets"           : "subnet-019f7f1d04853050e,subnet-0e397c1938a1a236d",
    "launch-security-groups"   : "sg-0402c7d38e558d954",
    "assign-public-ip"         : true,
    "task-definition-name"     : "taskcors2CoilTrackingWebAPI",
    "task-cpu"                 : "256",
    "task-memory"              : "512",
    "platform-version"         : "LATEST",
    "task-execution-role"      : "ecsTaskExecutionRole",
    "container-name"           : "cors2CoilTrackingWebAPI",
    "container-port-mapping"   : "80:80",
    "container-environment-variables" : "\"ASPNETCORE_ENVIRONMENT\"=\"Production\"",
    "skip-image-push"                 : false,
    "cluster-service"                 : "testcors/CoilTrackingWebAPIcors2",
    "desired-count"                   : 1,
    "deployment-minimum-healthy-percent" : 50,
    "deployment-maximum-percent"         : 200,
    "vstoolkit-deployment-mode"          : "DeployService"
}